firstName,lastName,email,phone,parentFirstName,parentLastName,parentEmail,parentPhone
# DELEGATE: firstName, lastName, email required; phone optional
# PARENT: All parent fields are optional. If parentEmail is provided, parentFirstName and parentLastName are required
#
# Example (delegate only): John,Doe,john.doe@email.com,555-123-4567,,,,
# Example (with parent):   John,Doe,john.doe@email.com,555-123-4567,Jane,Doe,jane.doe@email.com,555-987-6543
#
# --- Enter your data below this line ---
James,Anderson,james.anderson1@testmail.com,555-100-0001,Robert,Anderson,robert.anderson1@testmail.com,555-200-0001
Michael,Baker,michael.baker2@testmail.com,555-100-0002,William,Baker,william.baker2@testmail.com,555-200-0002
David,Clark,david.clark3@testmail.com,555-100-0003,Richard,Clark,richard.clark3@testmail.com,555-200-0003
Christopher,Davis,christopher.davis4@testmail.com,555-100-0004,Joseph,Davis,joseph.davis4@testmail.com,555-200-0004
Matthew,Evans,matthew.evans5@testmail.com,555-100-0005,Thomas,Evans,thomas.evans5@testmail.com,555-200-0005
Daniel,Foster,daniel.foster6@testmail.com,555-100-0006,Charles,Foster,charles.foster6@testmail.com,555-200-0006
Andrew,Garcia,andrew.garcia7@testmail.com,555-100-0007,Daniel,Garcia,daniel.garcia7@testmail.com,555-200-0007
Joshua,Harris,joshua.harris8@testmail.com,555-100-0008,Matthew,Harris,matthew.harris8@testmail.com,555-200-0008
Anthony,Jackson,anthony.jackson9@testmail.com,555-100-0009,Anthony,Jackson,anthony.jackson9p@testmail.com,555-200-0009
Joseph,King,joseph.king10@testmail.com,555-100-0010,Mark,King,mark.king10@testmail.com,555-200-0010
Ryan,Lewis,ryan.lewis11@testmail.com,555-100-0011,Donald,Lewis,donald.lewis11@testmail.com,555-200-0011
Nicholas,Martinez,nicholas.martinez12@testmail.com,555-100-0012,Steven,Martinez,steven.martinez12@testmail.com,555-200-0012
Tyler,Nelson,tyler.nelson13@testmail.com,555-100-0013,Paul,Nelson,paul.nelson13@testmail.com,555-200-0013
Brandon,Owens,brandon.owens14@testmail.com,555-100-0014,Andrew,Owens,andrew.owens14@testmail.com,555-200-0014
Jacob,Parker,jacob.parker15@testmail.com,555-100-0015,Joshua,Parker,joshua.parker15@testmail.com,555-200-0015
Kevin,Quinn,kevin.quinn16@testmail.com,555-100-0016,Kenneth,Quinn,kenneth.quinn16@testmail.com,555-200-0016
Justin,Roberts,justin.roberts17@testmail.com,555-100-0017,Kevin,Roberts,kevin.roberts17@testmail.com,555-200-0017
Aaron,Smith,aaron.smith18@testmail.com,555-100-0018,Brian,Smith,brian.smith18@testmail.com,555-200-0018
Benjamin,Taylor,benjamin.taylor19@testmail.com,555-100-0019,George,Taylor,george.taylor19@testmail.com,555-200-0019
Zachary,Thomas,zachary.thomas20@testmail.com,555-100-0020,Edward,Thomas,edward.thomas20@testmail.com,555-200-0020
Nathan,Walker,nathan.walker21@testmail.com,555-100-0021,Ronald,Walker,ronald.walker21@testmail.com,555-200-0021
Samuel,White,samuel.white22@testmail.com,555-100-0022,Timothy,White,timothy.white22@testmail.com,555-200-0022
Christian,Young,christian.young23@testmail.com,555-100-0023,Jason,Young,jason.young23@testmail.com,555-200-0023
Dylan,Adams,dylan.adams24@testmail.com,555-100-0024,Jeffrey,Adams,jeffrey.adams24@testmail.com,555-200-0024
Ethan,Brown,ethan.brown25@testmail.com,555-100-0025,Ryan,Brown,ryan.brown25@testmail.com,555-200-0025
Austin,Campbell,austin.campbell26@testmail.com,555-100-0026,Jacob,Campbell,jacob.campbell26@testmail.com,555-200-0026
Logan,Diaz,logan.diaz27@testmail.com,555-100-0027,Gary,Diaz,gary.diaz27@testmail.com,555-200-0027
Connor,Edwards,connor.edwards28@testmail.com,555-100-0028,Nicholas,Edwards,nicholas.edwards28@testmail.com,555-200-0028
Caleb,Flores,caleb.flores29@testmail.com,555-100-0029,Eric,Flores,eric.flores29@testmail.com,555-200-0029
Mason,Green,mason.green30@testmail.com,555-100-0030,Stephen,Green,stephen.green30@testmail.com,555-200-0030
Luke,Hill,luke.hill31@testmail.com,555-100-0031,Jonathan,Hill,jonathan.hill31@testmail.com,555-200-0031
Isaiah,Irwin,isaiah.irwin32@testmail.com,555-100-0032,Larry,Irwin,larry.irwin32@testmail.com,555-200-0032
Jack,Johnson,jack.johnson33@testmail.com,555-100-0033,Justin,Johnson,justin.johnson33@testmail.com,555-200-0033
Owen,Kelly,owen.kelly34@testmail.com,555-100-0034,Scott,Kelly,scott.kelly34@testmail.com,555-200-0034
Liam,Lee,liam.lee35@testmail.com,555-100-0035,Brandon,Lee,brandon.lee35@testmail.com,555-200-0035
Noah,Moore,noah.moore36@testmail.com,555-100-0036,Benjamin,Moore,benjamin.moore36@testmail.com,555-200-0036
Aiden,Mitchell,aiden.mitchell37@testmail.com,555-100-0037,Samuel,Mitchell,samuel.mitchell37@testmail.com,555-200-0037
Lucas,Nguyen,lucas.nguyen38@testmail.com,555-100-0038,Gregory,Nguyen,gregory.nguyen38@testmail.com,555-200-0038
Carter,Ortiz,carter.ortiz39@testmail.com,555-100-0039,Frank,Ortiz,frank.ortiz39@testmail.com,555-200-0039
Jayden,Perez,jayden.perez40@testmail.com,555-100-0040,Raymond,Perez,raymond.perez40@testmail.com,555-200-0040
Jackson,Reed,jackson.reed41@testmail.com,555-100-0041,Patrick,Reed,patrick.reed41@testmail.com,555-200-0041
Sebastian,Rivera,sebastian.rivera42@testmail.com,555-100-0042,Jack,Rivera,jack.rivera42@testmail.com,555-200-0042
Henry,Robinson,henry.robinson43@testmail.com,555-100-0043,Dennis,Robinson,dennis.robinson43@testmail.com,555-200-0043
Alexander,Scott,alexander.scott44@testmail.com,555-100-0044,Jerry,Scott,jerry.scott44@testmail.com,555-200-0044
Oliver,Stewart,oliver.stewart45@testmail.com,555-100-0045,Tyler,Stewart,tyler.stewart45@testmail.com,555-200-0045
Elijah,Turner,elijah.turner46@testmail.com,555-100-0046,Aaron,Turner,aaron.turner46@testmail.com,555-200-0046
William,Underwood,william.underwood47@testmail.com,555-100-0047,Jose,Underwood,jose.underwood47@testmail.com,555-200-0047
Gabriel,Vargas,gabriel.vargas48@testmail.com,555-100-0048,Adam,Vargas,adam.vargas48@testmail.com,555-200-0048
Wyatt,Washington,wyatt.washington49@testmail.com,555-100-0049,Nathan,Washington,nathan.washington49@testmail.com,555-200-0049
Isaac,Xavier,isaac.xavier50@testmail.com,555-100-0050,Zachary,Xavier,zachary.xavier50@testmail.com,555-200-0050
Evan,Young,evan.young51@testmail.com,555-100-0051,Carl,Young,carl.young51@testmail.com,555-200-0051
Blake,Zimmerman,blake.zimmerman52@testmail.com,555-100-0052,Roy,Zimmerman,roy.zimmerman52@testmail.com,555-200-0052
Chase,Allen,chase.allen53@testmail.com,555-100-0053,Wayne,Allen,wayne.allen53@testmail.com,555-200-0053
Cole,Bennett,cole.bennett54@testmail.com,555-100-0054,Eugene,Bennett,eugene.bennett54@testmail.com,555-200-0054
Dominic,Carter,dominic.carter55@testmail.com,555-100-0055,Russell,Carter,russell.carter55@testmail.com,555-200-0055
Eric,Collins,eric.collins56@testmail.com,555-100-0056,Bobby,Collins,bobby.collins56@testmail.com,555-200-0056
Ian,Cooper,ian.cooper57@testmail.com,555-100-0057,Johnny,Cooper,johnny.cooper57@testmail.com,555-200-0057
Gavin,Cruz,gavin.cruz58@testmail.com,555-100-0058,Howard,Cruz,howard.cruz58@testmail.com,555-200-0058
Hunter,Dean,hunter.dean59@testmail.com,555-100-0059,Carlos,Dean,carlos.dean59@testmail.com,555-200-0059
Jordan,Ellis,jordan.ellis60@testmail.com,555-100-0060,Ralph,Ellis,ralph.ellis60@testmail.com,555-200-0060
Kyle,Fisher,kyle.fisher61@testmail.com,555-100-0061,Albert,Fisher,albert.fisher61@testmail.com,555-200-0061
Sean,Gibson,sean.gibson62@testmail.com,555-100-0062,Willie,Gibson,willie.gibson62@testmail.com,555-200-0062
Trevor,Gonzalez,trevor.gonzalez63@testmail.com,555-100-0063,Vincent,Gonzalez,vincent.gonzalez63@testmail.com,555-200-0063
Marcus,Gray,marcus.gray64@testmail.com,555-100-0064,Philip,Gray,philip.gray64@testmail.com,555-200-0064
Patrick,Hall,patrick.hall65@testmail.com,555-100-0065,Dylan,Hall,dylan.hall65@testmail.com,555-200-0065
Devin,Hamilton,devin.hamilton66@testmail.com,555-100-0066,Jesse,Hamilton,jesse.hamilton66@testmail.com,555-200-0066
Cody,Howard,cody.howard67@testmail.com,555-100-0067,Ethan,Howard,ethan.howard67@testmail.com,555-200-0067
Derek,Hughes,derek.hughes68@testmail.com,555-100-0068,Bryan,Hughes,bryan.hughes68@testmail.com,555-200-0068
Alex,James,alex.james69@testmail.com,555-100-0069,Alan,James,alan.james69@testmail.com,555-200-0069
Shane,Jenkins,shane.jenkins70@testmail.com,555-100-0070,Harry,Jenkins,harry.jenkins70@testmail.com,555-200-0070
Brett,Jordan,brett.jordan71@testmail.com,555-100-0071,Christian,Jordan,christian.jordan71@testmail.com,555-200-0071
Grant,Kennedy,grant.kennedy72@testmail.com,555-100-0072,Henry,Kennedy,henry.kennedy72@testmail.com,555-200-0072
Spencer,Knight,spencer.knight73@testmail.com,555-100-0073,Arthur,Knight,arthur.knight73@testmail.com,555-200-0073
Bryce,Lambert,bryce.lambert74@testmail.com,555-100-0074,Roger,Lambert,roger.lambert74@testmail.com,555-200-0074
Tanner,Long,tanner.long75@testmail.com,555-100-0075,Joe,Long,joe.long75@testmail.com,555-200-0075
Colton,Marshall,colton.marshall76@testmail.com,555-100-0076,Juan,Marshall,juan.marshall76@testmail.com,555-200-0076
Brady,Meyer,brady.meyer77@testmail.com,555-100-0077,Logan,Meyer,logan.meyer77@testmail.com,555-200-0077
Preston,Murphy,preston.murphy78@testmail.com,555-100-0078,Albert,Murphy,albert.murphy78@testmail.com,555-200-0078
Tristan,Myers,tristan.myers79@testmail.com,555-100-0079,Billy,Myers,billy.myers79@testmail.com,555-200-0079
Wesley,Nelson,wesley.nelson80@testmail.com,555-100-0080,Bruce,Nelson,bruce.nelson80@testmail.com,555-200-0080
Riley,Oliver,riley.oliver81@testmail.com,555-100-0081,Gerald,Oliver,gerald.oliver81@testmail.com,555-200-0081
Parker,Palmer,parker.palmer82@testmail.com,555-100-0082,Keith,Palmer,keith.palmer82@testmail.com,555-200-0082
Landon,Patterson,landon.patterson83@testmail.com,555-100-0083,Leon,Patterson,leon.patterson83@testmail.com,555-200-0083
Carson,Peterson,carson.peterson84@testmail.com,555-100-0084,Stanley,Peterson,stanley.peterson84@testmail.com,555-200-0084
Jaden,Phillips,jaden.phillips85@testmail.com,555-100-0085,Louis,Phillips,louis.phillips85@testmail.com,555-200-0085
Miles,Powell,miles.powell86@testmail.com,555-100-0086,Russell,Powell,russell.powell86@testmail.com,555-200-0086
Ashton,Price,ashton.price87@testmail.com,555-100-0087,Gabriel,Price,gabriel.price87@testmail.com,555-200-0087
Vincent,Ramirez,vincent.ramirez88@testmail.com,555-100-0088,Oscar,Ramirez,oscar.ramirez88@testmail.com,555-200-0088
Brayden,Reed,brayden.reed89@testmail.com,555-100-0089,Mason,Reed,mason.reed89@testmail.com,555-200-0089
Garrett,Reynolds,garrett.reynolds90@testmail.com,555-100-0090,Victor,Reynolds,victor.reynolds90@testmail.com,555-200-0090
Max,Richardson,max.richardson91@testmail.com,555-100-0091,Ernest,Richardson,ernest.richardson91@testmail.com,555-200-0091
Drew,Rogers,drew.rogers92@testmail.com,555-100-0092,Phillip,Rogers,phillip.rogers92@testmail.com,555-200-0092
Cooper,Ross,cooper.ross93@testmail.com,555-100-0093,Todd,Ross,todd.ross93@testmail.com,555-200-0093
Harrison,Russell,harrison.russell94@testmail.com,555-100-0094,Jesse,Russell,jesse.russell94@testmail.com,555-200-0094
Nolan,Sanders,nolan.sanders95@testmail.com,555-100-0095,Craig,Sanders,craig.sanders95@testmail.com,555-200-0095
Xavier,Simmons,xavier.simmons96@testmail.com,555-100-0096,Antonio,Simmons,antonio.simmons96@testmail.com,555-200-0096
Eli,Spencer,eli.spencer97@testmail.com,555-100-0097,Sean,Spencer,sean.spencer97@testmail.com,555-200-0097
Leo,Stevens,leo.stevens98@testmail.com,555-100-0098,Shane,Stevens,shane.stevens98@testmail.com,555-200-0098
Adrian,Sullivan,adrian.sullivan99@testmail.com,555-100-0099,Martin,Sullivan,martin.sullivan99@testmail.com,555-200-0099
Jeremiah,Thompson,jeremiah.thompson100@testmail.com,555-100-0100,Troy,Thompson,troy.thompson100@testmail.com,555-200-0100
Colin,Torres,colin.torres101@testmail.com,555-100-0101,Derek,Torres,derek.torres101@testmail.com,555-200-0101
Cameron,Tucker,cameron.tucker102@testmail.com,555-100-0102,Randall,Tucker,randall.tucker102@testmail.com,555-200-0102
Jesse,Turner,jesse.turner103@testmail.com,555-100-0103,Jorge,Turner,jorge.turner103@testmail.com,555-200-0103
Damian,Vasquez,damian.vasquez104@testmail.com,555-100-0104,Derek,Vasquez,derek.vasquez104@testmail.com,555-200-0104
Diego,Wagner,diego.wagner105@testmail.com,555-100-0105,Dustin,Wagner,dustin.wagner105@testmail.com,555-200-0105
Maxwell,Ward,maxwell.ward106@testmail.com,555-100-0106,Alex,Ward,alex.ward106@testmail.com,555-200-0106
Antonio,Warren,antonio.warren107@testmail.com,555-100-0107,Clarence,Warren,clarence.warren107@testmail.com,555-200-0107
Oscar,Watson,oscar.watson108@testmail.com,555-100-0108,Ricardo,Watson,ricardo.watson108@testmail.com,555-200-0108
Joel,Webb,joel.webb109@testmail.com,555-100-0109,Douglas,Webb,douglas.webb109@testmail.com,555-200-0109
Jake,Wells,jake.wells110@testmail.com,555-100-0110,Clifford,Wells,clifford.wells110@testmail.com,555-200-0110
Graham,West,graham.west111@testmail.com,555-100-0111,Joel,West,joel.west111@testmail.com,555-200-0111
Finn,Wheeler,finn.wheeler112@testmail.com,555-100-0112,Edwin,Wheeler,edwin.wheeler112@testmail.com,555-200-0112
Hayden,Williams,hayden.williams113@testmail.com,555-100-0113,Harvey,Williams,harvey.williams113@testmail.com,555-200-0113
Victor,Wilson,victor.wilson114@testmail.com,555-100-0114,Neil,Wilson,neil.wilson114@testmail.com,555-200-0114
Emmett,Wood,emmett.wood115@testmail.com,555-100-0115,Leonard,Wood,leonard.wood115@testmail.com,555-200-0115
George,Wright,george.wright116@testmail.com,555-100-0116,Clyde,Wright,clyde.wright116@testmail.com,555-200-0116
Peter,York,peter.york117@testmail.com,555-100-0117,Glen,York,glen.york117@testmail.com,555-200-0117
Micah,Zimmerman,micah.zimmerman118@testmail.com,555-100-0118,Travis,Zimmerman,travis.zimmerman118@testmail.com,555-200-0118
Simon,Abbott,simon.abbott119@testmail.com,555-100-0119,Chad,Abbott,chad.abbott119@testmail.com,555-200-0119
Theodore,Barnes,theodore.barnes120@testmail.com,555-100-0120,Darrell,Barnes,darrell.barnes120@testmail.com,555-200-0120
Axel,Boyd,axel.boyd121@testmail.com,555-100-0121,Felix,Boyd,felix.boyd121@testmail.com,555-200-0121
Ryder,Brooks,ryder.brooks122@testmail.com,555-100-0122,Melvin,Brooks,melvin.brooks122@testmail.com,555-200-0122
Jace,Bryant,jace.bryant123@testmail.com,555-100-0123,Lonnie,Bryant,lonnie.bryant123@testmail.com,555-200-0123
Leonardo,Burke,leonardo.burke124@testmail.com,555-100-0124,Alfredo,Burke,alfredo.burke124@testmail.com,555-200-0124
Mateo,Butler,mateo.butler125@testmail.com,555-100-0125,Carlton,Butler,carlton.butler125@testmail.com,555-200-0125
Milo,Carroll,milo.carroll126@testmail.com,555-100-0126,Darryl,Carroll,darryl.carroll126@testmail.com,555-200-0126
Roman,Castillo,roman.castillo127@testmail.com,555-100-0127,Dwayne,Castillo,dwayne.castillo127@testmail.com,555-200-0127
Ezra,Chambers,ezra.chambers128@testmail.com,555-100-0128,Ernesto,Chambers,ernesto.chambers128@testmail.com,555-200-0128
Jonah,Chapman,jonah.chapman129@testmail.com,555-100-0129,Francis,Chapman,francis.chapman129@testmail.com,555-200-0129
Asher,Clark,asher.clark130@testmail.com,555-100-0130,Gerard,Clark,gerard.clark130@testmail.com,555-200-0130
Kai,Cole,kai.cole131@testmail.com,555-100-0131,Gordon,Cole,gordon.cole131@testmail.com,555-200-0131
Lincoln,Crawford,lincoln.crawford132@testmail.com,555-100-0132,Herman,Crawford,herman.crawford132@testmail.com,555-200-0132
Bennett,Daniels,bennett.daniels133@testmail.com,555-100-0133,Ivan,Daniels,ivan.daniels133@testmail.com,555-200-0133
Easton,Davidson,easton.davidson134@testmail.com,555-100-0134,Karl,Davidson,karl.davidson134@testmail.com,555-200-0134
Brooks,Dixon,brooks.dixon135@testmail.com,555-100-0135,Lester,Dixon,lester.dixon135@testmail.com,555-200-0135
Sawyer,Duncan,sawyer.duncan136@testmail.com,555-100-0136,Marvin,Duncan,marvin.duncan136@testmail.com,555-200-0136
Weston,Dunn,weston.dunn137@testmail.com,555-100-0137,Nelson,Dunn,nelson.dunn137@testmail.com,555-200-0137
Declan,Elliott,declan.elliott138@testmail.com,555-100-0138,Omar,Elliott,omar.elliott138@testmail.com,555-200-0138
Rowan,Ferguson,rowan.ferguson139@testmail.com,555-100-0139,Perry,Ferguson,perry.ferguson139@testmail.com,555-200-0139
Atlas,Ford,atlas.ford140@testmail.com,555-100-0140,Quinn,Ford,quinn.ford140@testmail.com,555-200-0140
Miles,Foster,miles.foster141@testmail.com,555-100-0141,Ray,Foster,ray.foster141@testmail.com,555-200-0141
Zane,Franklin,zane.franklin142@testmail.com,555-100-0142,Sidney,Franklin,sidney.franklin142@testmail.com,555-200-0142
Archer,Freeman,archer.freeman143@testmail.com,555-100-0143,Terence,Freeman,terence.freeman143@testmail.com,555-200-0143
Felix,Garrett,felix.garrett144@testmail.com,555-100-0144,Terrence,Garrett,terrence.garrett144@testmail.com,555-200-0144
August,George,august.george145@testmail.com,555-100-0145,Tyrone,George,tyrone.george145@testmail.com,555-200-0145
Jasper,Gordon,jasper.gordon146@testmail.com,555-100-0146,Vernon,Gordon,vernon.gordon146@testmail.com,555-200-0146
Knox,Grant,knox.grant147@testmail.com,555-100-0147,Wallace,Grant,wallace.grant147@testmail.com,555-200-0147
Elliot,Griffin,elliot.griffin148@testmail.com,555-100-0148,Wendell,Griffin,wendell.griffin148@testmail.com,555-200-0148
Calvin,Hale,calvin.hale149@testmail.com,555-100-0149,Wilbert,Hale,wilbert.hale149@testmail.com,555-200-0149
Hugo,Hansen,hugo.hansen150@testmail.com,555-100-0150,Willis,Hansen,willis.hansen150@testmail.com,555-200-0150
Beckett,Hart,beckett.hart151@testmail.com,555-100-0151,Alfonso,Hart,alfonso.hart151@testmail.com,555-200-0151
Emmett,Hayes,emmett.hayes152@testmail.com,555-100-0152,Benny,Hayes,benny.hayes152@testmail.com,555-200-0152
Tucker,Henderson,tucker.henderson153@testmail.com,555-100-0153,Cedric,Henderson,cedric.henderson153@testmail.com,555-200-0153
Barrett,Henry,barrett.henry154@testmail.com,555-100-0154,Chester,Henry,chester.henry154@testmail.com,555-200-0154
Bentley,Hernandez,bentley.hernandez155@testmail.com,555-100-0155,Cornelius,Hernandez,cornelius.hernandez155@testmail.com,555-200-0155
Griffin,Hicks,griffin.hicks156@testmail.com,555-100-0156,Curtis,Hicks,curtis.hicks156@testmail.com,555-200-0156
Hendrix,Holland,hendrix.holland157@testmail.com,555-100-0157,Dominick,Holland,dominick.holland157@testmail.com,555-200-0157
Kingston,Holmes,kingston.holmes158@testmail.com,555-100-0158,Elmer,Holmes,elmer.holmes158@testmail.com,555-200-0158
Legend,Hopkins,legend.hopkins159@testmail.com,555-100-0159,Emmett,Hopkins,emmett.hopkins159@testmail.com,555-200-0159
Maverick,Howell,maverick.howell160@testmail.com,555-100-0160,Floyd,Howell,floyd.howell160@testmail.com,555-200-0160
Messiah,Hunter,messiah.hunter161@testmail.com,555-100-0161,Forrest,Hunter,forrest.hunter161@testmail.com,555-200-0161
River,Ingram,river.ingram162@testmail.com,555-100-0162,Garrett,Ingram,garrett.ingram162@testmail.com,555-200-0162
Phoenix,Jacobs,phoenix.jacobs163@testmail.com,555-100-0163,Gerardo,Jacobs,gerardo.jacobs163@testmail.com,555-200-0163
Jaxson,Jensen,jaxson.jensen164@testmail.com,555-100-0164,Gilbert,Jensen,gilbert.jensen164@testmail.com,555-200-0164
Kingston,Jimenez,kingston.jimenez165@testmail.com,555-100-0165,Grant,Jimenez,grant.jimenez165@testmail.com,555-200-0165
Remington,Johnston,remington.johnston166@testmail.com,555-100-0166,Gregg,Johnston,gregg.johnston166@testmail.com,555-200-0166
Bodhi,Jones,bodhi.jones167@testmail.com,555-100-0167,Hector,Jones,hector.jones167@testmail.com,555-200-0167
Grayson,Keller,grayson.keller168@testmail.com,555-100-0168,Herbert,Keller,herbert.keller168@testmail.com,555-200-0168
Levi,Kelley,levi.kelley169@testmail.com,555-100-0169,Homer,Kelley,homer.kelley169@testmail.com,555-200-0169
Cruz,Kim,cruz.kim170@testmail.com,555-100-0170,Horace,Kim,horace.kim170@testmail.com,555-200-0170
Silas,Knight,silas.knight171@testmail.com,555-100-0171,Hugo,Knight,hugo.knight171@testmail.com,555-200-0171
Damien,Lane,damien.lane172@testmail.com,555-100-0172,Isaac,Lane,isaac.lane172@testmail.com,555-200-0172
Ace,Larson,ace.larson173@testmail.com,555-100-0173,Jaime,Larson,jaime.larson173@testmail.com,555-200-0173
Ayden,Lawrence,ayden.lawrence174@testmail.com,555-100-0174,Javier,Lawrence,javier.lawrence174@testmail.com,555-200-0174
Atlas,Lawson,atlas.lawson175@testmail.com,555-100-0175,Jerald,Lawson,jerald.lawson175@testmail.com,555-200-0175
Braxton,Little,braxton.little176@testmail.com,555-100-0176,Jerome,Little,jerome.little176@testmail.com,555-200-0176
Brooks,Lopez,brooks.lopez177@testmail.com,555-100-0177,Jesus,Lopez,jesus.lopez177@testmail.com,555-200-0177
Caden,Lucas,caden.lucas178@testmail.com,555-100-0178,Jimmie,Lucas,jimmie.lucas178@testmail.com,555-200-0178
Cash,Lynch,cash.lynch179@testmail.com,555-100-0179,Julian,Lynch,julian.lynch179@testmail.com,555-200-0179
Cayden,Malone,cayden.malone180@testmail.com,555-100-0180,Julius,Malone,julius.malone180@testmail.com,555-200-0180
Charlie,Mann,charlie.mann181@testmail.com,555-100-0181,Kelvin,Mann,kelvin.mann181@testmail.com,555-200-0181
Dallas,Marsh,dallas.marsh182@testmail.com,555-100-0182,Kent,Marsh,kent.marsh182@testmail.com,555-200-0182
Dean,Martin,dean.martin183@testmail.com,555-100-0183,Kirk,Martin,kirk.martin183@testmail.com,555-200-0183
Ellis,Matthews,ellis.matthews184@testmail.com,555-100-0184,Lamar,Matthews,lamar.matthews184@testmail.com,555-200-0184
Emerson,May,emerson.may185@testmail.com,555-100-0185,Lance,May,lance.may185@testmail.com,555-200-0185
Everett,McCarthy,everett.mccarthy186@testmail.com,555-100-0186,Laurence,McCarthy,laurence.mccarthy186@testmail.com,555-200-0186
Finley,McDonald,finley.mcdonald187@testmail.com,555-100-0187,Leroy,McDonald,leroy.mcdonald187@testmail.com,555-200-0187
Francisco,McKenzie,francisco.mckenzie188@testmail.com,555-100-0188,Lloyd,McKenzie,lloyd.mckenzie188@testmail.com,555-200-0188
Graham,Miller,graham.miller189@testmail.com,555-100-0189,Loren,Miller,loren.miller189@testmail.com,555-200-0189
Gunner,Mills,gunner.mills190@testmail.com,555-100-0190,Luther,Mills,luther.mills190@testmail.com,555-200-0190
Hayes,Montgomery,hayes.montgomery191@testmail.com,555-100-0191,Malcolm,Montgomery,malcolm.montgomery191@testmail.com,555-200-0191
Holden,Morgan,holden.morgan192@testmail.com,555-100-0192,Manuel,Morgan,manuel.morgan192@testmail.com,555-200-0192
Hudson,Morris,hudson.morris193@testmail.com,555-100-0193,Marco,Morris,marco.morris193@testmail.com,555-200-0193
Ivan,Murray,ivan.murray194@testmail.com,555-100-0194,Marshall,Murray,marshall.murray194@testmail.com,555-200-0194
Jayce,Newman,jayce.newman195@testmail.com,555-100-0195,Maurice,Newman,maurice.newman195@testmail.com,555-200-0195
Jensen,Nichols,jensen.nichols196@testmail.com,555-100-0196,Max,Nichols,max.nichols196@testmail.com,555-200-0196
Josiah,Norman,josiah.norman197@testmail.com,555-100-0197,Micheal,Norman,micheal.norman197@testmail.com,555-200-0197
Judah,Norris,judah.norris198@testmail.com,555-100-0198,Miguel,Norris,miguel.norris198@testmail.com,555-200-0198
Julian,Obrien,julian.obrien199@testmail.com,555-100-0199,Milton,Obrien,milton.obrien199@testmail.com,555-200-0199
Kayden,Oliver,kayden.oliver200@testmail.com,555-100-0200,Mitchell,Oliver,mitchell.oliver200@testmail.com,555-200-0200
